{
    "lifts": [
        {
            "id": "Lift1",
            "userType": "Visitor",
            "isAvailable": true,
            "floors": {
                "F0": {
                    "position": {
                        "x": 183.16,
                        "y": 0.49999999999999994,
                        "z": 44.96
                    }
                },
                "F1": {
                    "position": {
                        "x": 183.16,
                        "y": 11.3,
                        "z": 44.96
                    }
                },
                "F2": {
                    "position": {
                        "x": 183.16,
                        "y": 22.1,
                        "z": 44.96
                    }
                },
                "F3": {
                    "position": {
                        "x": 183.16,
                        "y": 32.900000000000006,
                        "z": 44.96
                    }
                },
                "F4": {
                    "position": {
                        "x": 183.16,
                        "y": 43.7,
                        "z": 44.96
                    }
                },
                "F5": {
                    "position": {
                        "x": 183.16,
                        "y": 54.5,
                        "z": 44.96
                    }
                },
                "F6": {
                    "position": {
                        "x": 183.16,
                        "y": 65.3,
                        "z": 44.96
                    }
                },
                "F7": {
                    "position": {
                        "x": 183.16,
                        "y": 76.1,
                        "z": 44.96
                    }
                },
                "F8": {
                    "position": {
                        "x": 183.16,
                        "y": 86.89999999999999,
                        "z": 44.96
                    }
                },
                "F9": {
                    "position": {
                        "x": 183.16,
                        "y": 97.69999999999999,
                        "z": 44.96
                    }
                },
                "F10": {
                    "position": {
                        "x": 183.16,
                        "y": 97.69999999999999,
                        "z": 44.96
                    }
                }
            }
        },
        {
            "id": "Lift2",
            "userType": "Visitor",
            "isAvailable": true,
            "floors": {
                "F0": {
                    "position": {
                        "x": 184.89,
                        "y": 0.49999999999999994,
                        "z": -60.57
                    }
                },
                "F1": {
                    "position": {
                        "x": 184.89,
                        "y": 11.3,
                        "z": -60.57
                    }
                },
                "F2": {
                    "position": {
                        "x": 184.89,
                        "y": 22.1,
                        "z": -60.57
                    }
                },
                "F3": {
                    "position": {
                        "x": 184.89,
                        "y": 32.900000000000006,
                        "z": -60.57
                    }
                },
                "F4": {
                    "position": {
                        "x": 184.89,
                        "y": 43.7,
                        "z": -60.57
                    }
                },
                "F5": {
                    "position": {
                        "x": 184.89,
                        "y": 54.5,
                        "z": -60.57
                    }
                },
                "F6": {
                    "position": {
                        "x": 184.89,
                        "y": 65.3,
                        "z": -60.57
                    }
                },
                "F7": {
                    "position": {
                        "x": 184.89,
                        "y": 76.1,
                        "z": -60.57
                    }
                },
                "F8": {
                    "position": {
                        "x": 184.89,
                        "y": 86.89999999999999,
                        "z": -60.57
                    }
                },
                "F9": {
                    "position": {
                        "x": 184.89,
                        "y": 97.69999999999999,
                        "z": -60.57
                    }
                }
            }
        },
        {
            "id": "Lift3",
            "userType": "Patient",
            "isAvailable": true,
            "floors": {

                "F0": {
                    "position": {
                        "x": 28.35,
                        "y": 0.49999999999999994,
                        "z": -61.09
                    }
                },
                
                "F3": {
                    "position": {
                        "x": 28.35,
                        "y": 32.900000000000006,
                        "z": -61.09
                    }
                },
                "F4": {
                    "position": {
                        "x": 28.35,
                        "y": 43.7,
                        "z": -61.09
                    }
                },
                "F5": {
                    "position": {
                        "x": 28.35,
                        "y": 54.5,
                        "z": -61.09
                    }
                },
                "F6": {
                    "position": {
                        "x": 28.35,
                        "y": 65.3,
                        "z": -61.09
                    }
                },
                "F7": {
                    "position": {
                        "x": 28.35,
                        "y": 76.1,
                        "z": -61.09
                    }
                },
                "F8": {
                    "position": {
                        "x": 28.35,
                        "y": 86.89999999999999,
                        "z": -61.09
                    }
                },
                "F9": {
                    "position": {
                        "x": 28.35,
                        "y": 97.69999999999999,
                        "z": -61.09
                    }
                }
            }
        },
        {
            "id": "Lift4",
            "userType": "Patient",
            "isAvailable": true,
            "floors": {
                "F0": {
                    "position": {
                        "x": -136.88,
                        "y": 0.49999999999999994,
                        "z": -61.39
                    }
                },
                "F1": {
                    "position": {
                        "x": -136.88,
                        "y": 11.3,
                        "z": -61.39
                    }
                },
                "F2": {
                    "position": {
                        "x": -136.88,
                        "y": 22.1,
                        "z": -61.39
                    }
                },
                "F3": {
                    "position": {
                        "x": -136.88,
                        "y": 32.900000000000006,
                        "z": -61.39
                    }
                },
                "F4": {
                    "position": {
                        "x": -136.88,
                        "y": 43.7,
                        "z": -61.39
                    }
                },
                "F5": {
                    "position": {
                        "x": -136.88,
                        "y": 54.5,